excel_row,compound_index,compound_id,cas,smiles,value_mean,missing_descriptors
359,358,PFAS_00358,No CAS number,CC1CN1C(O)=Nc1cc(ccc1C)N=C(O)OC(CSCCC(F)(F)C(F)(F)C(F)(F)C(F)(F)C(F)(F)C(F)(F)C(F)(F)C(F)(F)C(F)(C(F)(F)F)C(F)(F)F)CSCCC(F)(F)C(F)(F)C(F)(F)C(F)(F)C(F)(F)C(F)(F)C(F)(F)C(F)(F)C(F)(C(F)(F)F)C(F)(F)F,17.3246,1875
361,360,PFAS_00360,No CAS number,CC1CN1C(O)=Nc1cc(ccc1C)N=C(O)OC(CSCCC(F)(F)C(F)(F)C(F)(F)C(F)(F)C(F)(F)C(F)(F)C(F)(C(F)(F)F)C(F)(F)F)CSCCC(F)(F)C(F)(F)C(F)(F)C(F)(F)C(F)(F)C(F)(F)C(F)(C(F)(F)F)C(F)(F)F,14.6482,1875
548,547,PFAS_00547,No CAS number,CCCCCCCCCCCC(F)(F)C(F)(F)C(F)(F)C(F)(F)C(F)(F)C(F)(F)C(F)(F)C(F)(F)C(F)(F)C(F)(F)F,12.9692,1875
552,551,PFAS_00551,No CAS number,CCCCCCCCCCCCC(F)(F)C(F)(F)C(F)(F)C(F)(F)C(F)(F)C(F)(F)C(F)(F)C(F)(F)C(F)(F)C(F)(F)C(F)(F)F,14.1294,1875
566,565,PFAS_00565,No CAS number,CCCCCCCCCCCCCC(F)(F)C(F)(F)C(F)(F)C(F)(F)C(F)(F)C(F)(F)C(F)(F)C(F)(F)C(F)(F)C(F)(F)C(F)(F)C(F)(F)F,15.2896,1875
680,679,PFAS_00679,No CAS number,CCCN(CCN=C(O)c1ccc(C)c(c1)C(O)=NCCN(C)S(=O)(=O)C(F)(F)C(F)(F)C(F)(F)C(F)(F)C(F)(F)C(F)(F)C(F)(F)C(F)(F)F)S(=O)(=O)C(F)(F)C(F)(F)C(F)(F)C(F)(F)C(F)(F)C(F)(F)C(F)(F)C(F)(F)F,16.4239,1875
745,744,PFAS_00744,2250-98-8,CCN(CCOP(=O)(OCCN(CC)S(=O)(=O)C(F)(F)C(F)(F)C(F)(F)C(F)(F)C(F)(F)C(F)(F)C(F)(F)C(F)(F)F)OCCN(CC)S(=O)(=O)C(F)(F)C(F)(F)C(F)(F)C(F)(F)C(F)(F)C(F)(F)C(F)(F)C(F)(F)F)S(=O)(=O)C(F)(F)C(F)(F)C(F)(F)C(F)(F)C(F)(F)C(F)(F)C(F)(F)C(F)(F)F,19.2842,1875
746,745,PFAS_00745,67939-94-0,CCN(CCOP(=O)(OCCN(CC)S(=O)(=O)C(F)(F)C(F)(F)C(F)(F)C(F)(F)C(F)(F)C(F)(F)C(F)(F)F)OCCN(CC)S(=O)(=O)C(F)(F)C(F)(F)C(F)(F)C(F)(F)C(F)(F)C(F)(F)C(F)(F)F)S(=O)(=O)C(F)(F)C(F)(F)C(F)(F)C(F)(F)C(F)(F)C(F)(F)C(F)(F)F,17.2769,1875
1417,1419,PFAS_01419,No CAS number,FC(F)(F)C(F)(F)C(F)(F)C(Cc1ccc(cc1)P(c1ccc(CC(C(F)(F)F)(C(F)(F)F)C(F)(F)C(F)(F)C(F)(F)F)cc1)c1ccc(CC(C(F)(F)F)(C(F)(F)F)C(F)(F)C(F)(F)C(F)(F)F)cc1)(C(F)(F)F)C(F)(F)F,20.8697,1875
1418,1420,PFAS_01420,No CAS number,FC(F)(F)C(F)(F)C(F)(F)C(Cc1ccc(cc1)P(c1ccccc1)c1ccc(CC(C(F)(F)F)(C(F)(F)F)C(F)(F)C(F)(F)C(F)(F)F)cc1)(C(F)(F)F)C(F)(F)F,15.5868,1875
1544,1546,PFAS_01546,No CAS number,FC(F)(F)C(F)(F)C(F)(F)C(F)(F)C(F)(F)C(F)(F)C(F)(F)C(F)(F)C(F)(F)C(F)(F)C(F)(F)C(F)(F)C(F)(F)C(F)(F)CCOP(=O)(OCCC(F)(F)C(F)(F)C(F)(F)C(F)(F)C(F)(F)C(F)(F)C(F)(F)C(F)(F)C(F)(F)C(F)(F)C(F)(F)C(F)(F)C(F)(F)C(F)(F)F)OCCC(F)(F)C(F)(F)C(F)(F)C(F)(F)C(F)(F)C(F)(F)C(F)(F)C(F)(F)C(F)(F)C(F)(F)C(F)(F)C(F)(F)C(F)(F)C(F)(F)F,30.578,1875
1553,1555,PFAS_01555,No CAS number,FC(F)(F)C(F)(F)C(F)(F)C(F)(F)C(F)(F)C(F)(F)C(F)(F)C(F)(F)C(F)(F)C(F)(F)C(F)(F)C(F)(F)CC(I)CCCCC(I)CC(F)(F)C(F)(F)C(F)(F)C(F)(F)C(F)(F)C(F)(F)C(F)(F)C(F)(F)C(F)(F)C(F)(F)C(F)(F)C(F)(F)F,22.7678,1875
1559,1561,PFAS_01561,No CAS number,FC(F)(F)C(F)(F)C(F)(F)C(F)(F)C(F)(F)C(F)(F)C(F)(F)C(F)(F)C(F)(F)C(F)(F)C(F)(F)C(F)(F)CCCCCCCCCCC(F)(F)C(F)(F)C(F)(F)C(F)(F)C(F)(F)C(F)(F)C(F)(F)C(F)(F)C(F)(F)C(F)(F)C(F)(F)C(F)(F)F,22.3802,1875
1560,1562,PFAS_01562,No CAS number,FC(F)(F)C(F)(F)C(F)(F)C(F)(F)C(F)(F)C(F)(F)C(F)(F)C(F)(F)C(F)(F)C(F)(F)C(F)(F)C(F)(F)CCCCCCCCCCCCC(F)(F)C(F)(F)C(F)(F)C(F)(F)C(F)(F)C(F)(F)C(F)(F)C(F)(F)C(F)(F)C(F)(F)C(F)(F)C(F)(F)F,23.3624,1875
1561,1563,PFAS_01563,No CAS number,FC(F)(F)C(F)(F)C(F)(F)C(F)(F)C(F)(F)C(F)(F)C(F)(F)C(F)(F)C(F)(F)C(F)(F)C(F)(F)C(F)(F)CCCCCCCCCCCCCCCCCCCCC(F)(F)C(F)(F)C(F)(F)C(F)(F)C(F)(F)C(F)(F)C(F)(F)C(F)(F)C(F)(F)C(F)(F)C(F)(F)C(F)(F)F,27.2912,1875
1562,1564,PFAS_01564,No CAS number,FC(F)(F)C(F)(F)C(F)(F)C(F)(F)C(F)(F)C(F)(F)C(F)(F)C(F)(F)C(F)(F)C(F)(F)C(F)(F)C(F)(F)CCCCCCCCCCCCCCCCCCCCCCC(F)(F)C(F)(F)C(F)(F)C(F)(F)C(F)(F)C(F)(F)C(F)(F)C(F)(F)C(F)(F)C(F)(F)C(F)(F)C(F)(F)F,28.2734,1875
1587,1590,PFAS_01590,No CAS number,FC(F)(F)C(F)(F)C(F)(F)C(F)(F)C(F)(F)C(F)(F)C(F)(F)C(F)(F)C(F)(F)C(F)(F)CCCCCCCCCCC(F)(F)C(F)(F)C(F)(F)C(F)(F)C(F)(F)C(F)(F)C(F)(F)C(F)(F)C(F)(F)C(F)(F)F,19.7038,1875
1588,1591,PFAS_01591,No CAS number,FC(F)(F)C(F)(F)C(F)(F)C(F)(F)C(F)(F)C(F)(F)C(F)(F)C(F)(F)C(F)(F)C(F)(F)CCCCCCCCCCCCC(F)(F)C(F)(F)C(F)(F)C(F)(F)C(F)(F)C(F)(F)C(F)(F)C(F)(F)C(F)(F)C(F)(F)F,20.686,1875
1594,1597,PFAS_01597,No CAS number,FC(F)(F)C(F)(F)C(F)(F)C(F)(F)C(F)(F)C(F)(F)C(F)(F)C(F)(F)C(F)(F)C(F)(F)CCOP(=O)(OCCC(F)(F)C(F)(F)C(F)(F)C(F)(F)C(F)(F)C(F)(F)C(F)(F)C(F)(F)C(F)(F)C(F)(F)F)OCCC(F)(F)C(F)(F)C(F)(F)C(F)(F)C(F)(F)C(F)(F)C(F)(F)C(F)(F)C(F)(F)C(F)(F)F,22.5488,1875
1630,1634,PFAS_01634,No CAS number,FC(F)(F)C(F)(F)C(F)(F)C(F)(F)C(F)(F)C(F)(F)C(F)(F)C(F)(F)CC(I)COC(=O)CCCCC(=O)OCC(I)CC(F)(F)C(F)(F)C(F)(F)C(F)(F)C(F)(F)C(F)(F)C(F)(F)C(F)(F)F,16.4962,1875
1641,1646,PFAS_01646,No CAS number,FC(F)(F)C(F)(F)C(F)(F)C(F)(F)C(F)(F)C(F)(F)C(F)(F)C(F)(F)CCc1cccc(c1)P(c1cccc(CCC(F)(F)C(F)(F)C(F)(F)C(F)(F)C(F)(F)C(F)(F)C(F)(F)C(F)(F)F)c1)c1cccc(CCC(F)(F)C(F)(F)C(F)(F)C(F)(F)C(F)(F)C(F)(F)C(F)(F)C(F)(F)F)c1,25.7987,1875
1642,1647,PFAS_01647,No CAS number,FC(F)(F)C(F)(F)C(F)(F)C(F)(F)C(F)(F)C(F)(F)C(F)(F)C(F)(F)CCc1ccc(cc1)P(c1ccc(CCC(F)(F)C(F)(F)C(F)(F)C(F)(F)C(F)(F)C(F)(F)C(F)(F)C(F)(F)F)cc1)c1ccc(CCC(F)(F)C(F)(F)C(F)(F)C(F)(F)C(F)(F)C(F)(F)C(F)(F)C(F)(F)F)cc1,25.7987,1875
1643,1648,PFAS_01648,No CAS number,FC(F)(F)C(F)(F)C(F)(F)C(F)(F)C(F)(F)C(F)(F)C(F)(F)C(F)(F)CCc1ccc(cc1)P(c1ccccc1)c1ccc(CCC(F)(F)C(F)(F)C(F)(F)C(F)(F)C(F)(F)C(F)(F)C(F)(F)C(F)(F)F)cc1,18.8728,1875
1644,1649,PFAS_01649,No CAS number,FC(F)(F)C(F)(F)C(F)(F)C(F)(F)C(F)(F)C(F)(F)C(F)(F)C(F)(F)CCc1ccc(cc1)P(c1ccccc1)c1ccccc1,11.9469,1875
1708,1715,PFAS_01715,No CAS number,FC(F)(F)C(F)(F)C(F)(F)C(F)(F)C(F)(F)C(F)(F)C(F)(F)COP1(OCC(F)(F)C(F)(F)C(F)(F)C(F)(F)C(F)(F)C(F)(F)C(F)(F)F)N=P(OCC(F)(F)C(F)(F)C(F)(F)C(F)(F)C(F)(F)C(F)(F)C(F)(F)F)(OCC(F)(F)C(F)(F)C(F)(F)C(F)(F)C(F)(F)C(F)(F)C(F)(F)F)N=P(OCC(F)(F)C(F)(F)C(F)(F)C(F)(F)C(F)(F)C(F)(F)C(F)(F)F)(OCC(F)(F)C(F)(F)C(F)(F)C(F)(F)C(F)(F)C(F)(F)C(F)(F)F)N=1,33.4159,1875
1728,1735,PFAS_01735,No CAS number,FC(F)(F)C(F)(F)C(F)(F)C(F)(F)C(F)(F)C(F)(F)c1ccc(cc1)P(c1ccc(cc1)C(F)(F)C(F)(F)C(F)(F)C(F)(F)C(F)(F)C(F)(F)F)c1ccc(cc1)C(F)(F)C(F)(F)C(F)(F)C(F)(F)C(F)(F)C(F)(F)F,18.8375,1875
1760,1771,PFAS_01771,No CAS number,FC(F)(F)C(F)(F)C(F)(F)C(F)(F)C(F)(F)C(F)(F)CCc1ccc(cc1)P(c1ccc(CCC(F)(F)C(F)(F)C(F)(F)C(F)(F)C(F)(F)C(F)(F)F)cc1)c1ccc(CCC(F)(F)C(F)(F)C(F)(F)C(F)(F)C(F)(F)C(F)(F)F)cc1,21.7841,1875
1761,1772,PFAS_01772,No CAS number,FC(F)(F)C(F)(F)C(F)(F)C(F)(F)C(F)(F)C(F)(F)CCc1ccc(cc1)P(c1ccccc1)c1ccc(CCC(F)(F)C(F)(F)C(F)(F)C(F)(F)C(F)(F)C(F)(F)F)cc1,16.1964,1875
2128,2144,PFAS_02144,No CAS number,FC(F)(F)C(F)(F)C(F)(F)OC(F)(C(F)(F)F)C(F)(F)c1ccc(cc1)P(c1ccc(cc1)C(F)(F)C(F)(OC(F)(F)C(F)(F)C(F)(F)F)C(F)(F)F)c1ccc(cc1)C(F)(F)C(F)(OC(F)(F)C(F)(F)C(F)(F)F)C(F)(F)F,19.3907,1875
2351,2368,PFAS_02368,No CAS number,FC(F)C(F)(F)C(F)(F)C(F)(F)COP1(OCC(F)(F)C(F)(F)C(F)(F)C(F)F)N=P(OCC(F)(F)C(F)(F)C(F)(F)C(F)F)(OCC(F)(F)C(F)(F)C(F)(F)C(F)F)N=P(OCC(F)(F)C(F)(F)C(F)(F)C(F)F)(OCC(F)(F)C(F)(F)C(F)(F)C(F)F)N=1,17.7253,1875
2361,2378,PFAS_02378,No CAS number,FC(F)CCCCC(F)(F)COP1(OCC(F)(F)C(F)(F)C(F)(F)C(F)(F)C(F)(F)C(F)F)=NP(OCC(F)(F)C(F)(F)C(F)(F)C(F)(F)C(F)(F)C(F)F)(OCC(F)(F)C(F)(F)C(F)(F)C(F)(F)C(F)(F)C(F)F)=NP(OCC(F)(F)C(F)(F)C(F)(F)C(F)(F)C(F)(F)C(F)F)(OCC(F)(F)C(F)(F)C(F)(F)C(F)(F)C(F)(F)C(F)F)=N1,25.0425,1875
2428,2446,PFAS_02446,No CAS number,Fc1c(F)c(F)c(P(NCC(F)(F)C(F)(F)C(F)(F)C(F)(F)C(F)(F)C(F)(F)C(F)(F)F)c2c(F)c(F)c(F)c(F)c2F)c(F)c1F,10.59,1875
3285,3313,PFAS_03313,No CAS number,OS(=O)(=O)CCC(F)(F)C(F)(F)C(F)(F)C(F)(F)C(F)(F)C(F)(F)C(F)(F)C(F)(F)C(F)(F)C(F)(F)C(F)(F)C(F)(F)C(F)(F)C(F)(F)C(F)(F)C(F)(F)C(F)(F)C(F)(F)F,10.6879,1875
3784,3813,PFAS_03813,No CAS number,CN(C)CCCN=C(O)CSCCC(F)(F)C(F)(F)C(F)(F)C(F)(F)C(F)(F)C(F)(F)C(F)(F)C(F)(F)C(F)(F)C(F)(F)F,8.878,1875
4198,4228,PFAS_04228,No CAS number,OP1(=O)OCC(CSCCC(F)(F)C(F)(F)C(F)(F)C(F)(F)C(F)(F)C(F)(F)C(F)(F)C(F)(F)C(F)(F)C(F)(F)C(F)(F)C(F)(F)C(F)(F)C(F)(F)F)(CSCCC(F)(F)C(F)(F)C(F)(F)C(F)(F)C(F)(F)C(F)(F)C(F)(F)C(F)(F)C(F)(F)C(F)(F)C(F)(F)C(F)(F)C(F)(F)C(F)(F)F)CO1,21.5517,1875
4329,4359,PFAS_04359,No CAS number,OCCN(CCO)CCCN=C(O)C(F)(F)C(F)(F)C(F)(F)C(F)(F)C(F)(F)C(F)(F)C(F)(F)C(F)(F)C(F)(F)C(F)(F)C(F)(F)F,6.9373,1875
4554,4586,PFAS_04586,No CAS number,OC(=O)CN=C(O)CCSCCC(F)(F)C(F)(F)C(F)(F)C(F)(F)C(F)(F)C(F)(F)C(F)(F)C(F)(F)C(F)(F)C(F)(F)CF,8.9262,1875
4743,4779,PFAS_04779,No CAS number,CC(CNCCC[N+](C)(C)CC(O)=O)C(=O)CSCCC(F)(F)C(F)(F)C(F)(F)C(F)(F)C(F)(F)C(F)(F)C(F)(F)C(F)(F)C(F)(F)C(F)(F)C(F)(F)C(F)(F)C(F)(F)C(F)(F)C(F)(F)C(F)(F)C(F)(F)C(F)(F)F,8.097,1875
4744,4780,PFAS_04780,No CAS number,CC(CNCCC[N+](C)(C)CC(O)=O)C(=O)CSCCC(F)(F)C(F)(F)C(F)(F)C(F)(F)C(F)(F)C(F)(F)C(F)(F)C(F)(F)C(F)(F)C(F)(F)C(F)(F)C(F)(F)C(F)(F)C(F)(F)C(F)(F)C(F)(F)C(F)(F)F,7.4279,1875
4745,4781,PFAS_04781,No CAS number,CC(CNCCC[N+](C)(C)CC(O)=O)C(=O)CSCCC(F)(F)C(F)(F)C(F)(F)C(F)(F)C(F)(F)C(F)(F)C(F)(F)C(F)(F)C(F)(F)C(F)(F)C(F)(F)C(F)(F)C(F)(F)C(F)(F)C(F)(F)C(F)(F)F,6.7588,1875
4746,4782,PFAS_04782,No CAS number,CC(CNCCC[N+](C)(C)CC(O)=O)C(=O)CSCCC(F)(F)C(F)(F)C(F)(F)C(F)(F)C(F)(F)C(F)(F)C(F)(F)C(F)(F)C(F)(F)C(F)(F)C(F)(F)C(F)(F)C(F)(F)C(F)(F)C(F)(F)F,6.0897,1875
4764,4800,PFAS_04800,No CAS number,CC(CCC(O)=O)(SCCC(F)(F)C(F)(F)C(F)(F)C(F)(F)C(F)(F)C(F)(F)C(F)(F)C(F)(F)C(F)(F)C(F)(F)F)SCCC(F)(F)C(F)(F)C(F)(F)C(F)(F)C(F)(F)C(F)(F)C(F)(F)C(F)(F)C(F)(F)C(F)(F)F,18.5535,1875
4765,4801,PFAS_04801,No CAS number,CC(CCC(O)=O)(SCCC(F)(F)C(F)(F)C(F)(F)C(F)(F)C(F)(F)C(F)(F)C(F)(F)C(F)(F)C(F)(F)C(F)(F)C(F)(F)F)SCCC(F)(F)C(F)(F)C(F)(F)C(F)(F)C(F)(F)C(F)(F)C(F)(F)C(F)(F)C(F)(F)C(F)(F)C(F)(F)F,19.8917,1875
4766,4802,PFAS_04802,No CAS number,CC(CCC(O)=O)(SCCC(F)(F)C(F)(F)C(F)(F)C(F)(F)C(F)(F)C(F)(F)C(F)(F)C(F)(F)C(F)(F)C(F)(F)C(F)(F)C(F)(F)F)SCCC(F)(F)C(F)(F)C(F)(F)C(F)(F)C(F)(F)C(F)(F)C(F)(F)C(F)(F)C(F)(F)C(F)(F)C(F)(F)C(F)(F)F,21.2299,1875
4955,4991,PFAS_04991,No CAS number,OCCOCCOCCOCCOCCOCCC(F)(F)C(F)(F)C(F)(F)C(F)(F)C(F)(F)C(F)(F)C(F)(F)C(F)(F)C(F)(F)C(F)(F)C(F)(F)C(F)(F)C(F)(F)C(F)(F)C(F)(F)C(F)(F)F,9.7271,1875
4956,4992,PFAS_04992,No CAS number,OCCOCCOCCOCCOCCOCCOCCC(F)(F)C(F)(F)C(F)(F)C(F)(F)C(F)(F)C(F)(F)C(F)(F)C(F)(F)C(F)(F)C(F)(F)C(F)(F)C(F)(F)C(F)(F)C(F)(F)C(F)(F)C(F)(F)F,9.4527,1875
